First Name,Email,Main Scene,Location,Main Character,Additional Characters,Additional Info,Image Copy,Image Link,Organization
Rahees,allandriodtricks@gmail.com,The location is a picturesque hillside just outside the city limits. It's a popular spot for hikers and nature lovers, known for its breathtaking views and tranquil atmosphere,Central Park, New York City,a male age of 29,While the main character is alone in his thoughts, a few other hikers are seen in the distance, each engaged in their own appreciative observation of the city below.,undefined,undefined,https://oaidalleapiprodscus.blob.core.windows.net/private/org-KSmSPwQN5oKOsOoDwivuJoZS/user-aM4GytdsqNFvsTZ2dQmks4Qu/img-IYkvF1Of1uY6hcNhcRrD94K9.png?st=2024-02-10T01%3A14%3A36Z&se=2024-02-10T03%3A14%3A36Z&sp=r&sv=2021-08-06&sr=b&rscd=inline&rsct=image/png&skoid=6aaadede-4fb3-4698-a8f6-684d7786b067&sktid=a48cca56-e6da-484e-a814-9c849652bcb3&skt=2024-02-09T23%3A26%3A03Z&ske=2024-02-10T23%3A26%3A03Z&sks=b&skv=2021-08-06&sig=Co9HZXJ8rYT8UABon5D/cH0MrPe7FqoZyNwDY7WLVEw%3D,undefined
Rahees,allandriodtricks@gmail.com,The location is a picturesque hillside just outside the city limits. It's a popular spot for hikers and nature lovers, known for its breathtaking views and tranquil atmosphere,Central Park, New York City,a male age of 29,While the main character is alone in his thoughts, a few other hikers are seen in the distance, each engaged in their own appreciative observation of the city below.,undefined,undefined,https://oaidalleapiprodscus.blob.core.windows.net/private/org-KSmSPwQN5oKOsOoDwivuJoZS/user-aM4GytdsqNFvsTZ2dQmks4Qu/img-yZwerT0pcZZVaRWw6Wb4nxbv.png?st=2024-02-10T01%3A19%3A23Z&se=2024-02-10T03%3A19%3A23Z&sp=r&sv=2021-08-06&sr=b&rscd=inline&rsct=image/png&skoid=6aaadede-4fb3-4698-a8f6-684d7786b067&sktid=a48cca56-e6da-484e-a814-9c849652bcb3&skt=2024-02-09T21%3A46%3A40Z&ske=2024-02-10T21%3A46%3A40Z&sks=b&skv=2021-08-06&sig=T8Pm6elG%2BZHKOnNnxybD/z1ctQDsZgP8CG6W4OUBoxE%3D,undefined
Rahees,allandriodtricks@gmail.com,The location is a picturesque hillside just outside the city limits. It's a popular spot for hikers and nature lovers, known for its breathtaking views and tranquil atmosphere,Central Park, New York City,a male age of 29,While the main character is alone in his thoughts, a few other hikers are seen in the distance, each engaged in their own appreciative observation of the city below.,undefined,undefined,https://oaidalleapiprodscus.blob.core.windows.net/private/org-KSmSPwQN5oKOsOoDwivuJoZS/user-aM4GytdsqNFvsTZ2dQmks4Qu/img-pL3DeeBi4E4DI3GDnKowKQ63.png?st=2024-02-10T01%3A24%3A32Z&se=2024-02-10T03%3A24%3A32Z&sp=r&sv=2021-08-06&sr=b&rscd=inline&rsct=image/png&skoid=6aaadede-4fb3-4698-a8f6-684d7786b067&sktid=a48cca56-e6da-484e-a814-9c849652bcb3&skt=2024-02-09T21%3A50%3A28Z&ske=2024-02-10T21%3A50%3A28Z&sks=b&skv=2021-08-06&sig=AVvLOCw4W2ClZfNKQxTfJa9Wf/AGVy8QpzSSyBIFrLs%3D,undefined
admin,admin@gmail.com,The location is a outside the city limits. It is a popular spot for hikers and nature lovers, known for its breathtaking views and tranquil atmosphere,Central Park New York City,The main character is a male in his mid-30s, of European descent. He physically fit and exudes a sense of happiness and contentment. His casual yet neat appearance, highlighted by a white linen shirt and a well-groomed mustache, reflects his relaxed yet thoughtful personality.,An older couple on a bench feeding birds, a group of tourists taking photos.,undefined,undefined,https://oaidalleapiprodscus.blob.core.windows.net/private/org-KSmSPwQN5oKOsOoDwivuJoZS/user-aM4GytdsqNFvsTZ2dQmks4Qu/img-1A5Mqr8BezaarVI1izAajrPi.png?st=2024-02-12T16%3A47%3A12Z&se=2024-02-12T18%3A47%3A12Z&sp=r&sv=2021-08-06&sr=b&rscd=inline&rsct=image/png&skoid=6aaadede-4fb3-4698-a8f6-684d7786b067&sktid=a48cca56-e6da-484e-a814-9c849652bcb3&skt=2024-02-12T17%3A32%3A53Z&ske=2024-02-13T17%3A32%3A53Z&sks=b&skv=2021-08-06&sig=E3K/Hj%2B/c3UKP7aacz75feFndO5zPSoL3BhBKKQTgPs%3D,undefined
admin,admin@gmail.com,Washington dc,Central Park New York City,The main character is a male in his mid-30s, of European descent. He physically fit and exudes a sense of happiness and contentment. His casual yet neat appearance, highlighted by a white linen shirt and a well-groomed mustache, reflects his relaxed yet thoughtful personality.,An older couple on a bench feeding birds, a group of tourists taking photos.,undefined,undefined,https://oaidalleapiprodscus.blob.core.windows.net/private/org-KSmSPwQN5oKOsOoDwivuJoZS/user-aM4GytdsqNFvsTZ2dQmks4Qu/img-J5aCTFBY8ZMc96lLG2vda2AK.png?st=2024-02-12T17%3A05%3A34Z&se=2024-02-12T19%3A05%3A34Z&sp=r&sv=2021-08-06&sr=b&rscd=inline&rsct=image/png&skoid=6aaadede-4fb3-4698-a8f6-684d7786b067&sktid=a48cca56-e6da-484e-a814-9c849652bcb3&skt=2024-02-12T15%3A12%3A25Z&ske=2024-02-13T15%3A12%3A25Z&sks=b&skv=2021-08-06&sig=eM2YxokTs%2B30XtY6UicIC9KCFIxgEqcvDSgS0oed4AM%3D,undefined
admin,admin@gmail.com,Washington dc,Central Park New York City,The main character is a male in his mid-30s, of European descent. He physically fit and exudes a sense of happiness and contentment. His casual yet neat appearance, highlighted by a white linen shirt and a well-groomed mustache, reflects his relaxed yet thoughtful personality.,An older couple on a bench feeding birds, a group of tourists taking photos.,undefined,undefined,https://oaidalleapiprodscus.blob.core.windows.net/private/org-KSmSPwQN5oKOsOoDwivuJoZS/user-aM4GytdsqNFvsTZ2dQmks4Qu/img-jUVNmpLvTRl2aehSraRHFHFS.png?st=2024-02-12T17%3A07%3A19Z&se=2024-02-12T19%3A07%3A19Z&sp=r&sv=2021-08-06&sr=b&rscd=inline&rsct=image/png&skoid=6aaadede-4fb3-4698-a8f6-684d7786b067&sktid=a48cca56-e6da-484e-a814-9c849652bcb3&skt=2024-02-12T16%3A18%3A08Z&ske=2024-02-13T16%3A18%3A08Z&sks=b&skv=2021-08-06&sig=nJWV0FIcKROQh7y8KgTeVWf%2BikFOXgNrfowc5Lyeaog%3D,undefined
admin2,admin2+fututreSelfie@gmail.com,Washington dc  near gas station,Central Park,The main character is a male in his 22, of European descent. He physically fit and exudes a sense of happiness and contentment. His casual yet neat appearance, highlighted by a white linen shirt and a well-groomed mustache, reflects his relaxed yet thoughtful personality.,An older couple on a bench feeding birds, a group of tourists taking photos.,undefined,undefined,https://oaidalleapiprodscus.blob.core.windows.net/private/org-KSmSPwQN5oKOsOoDwivuJoZS/user-aM4GytdsqNFvsTZ2dQmks4Qu/img-x7Rn5JWOw0DKtevy8XNTUz7E.png?st=2024-02-12T17%3A44%3A02Z&se=2024-02-12T19%3A44%3A02Z&sp=r&sv=2021-08-06&sr=b&rscd=inline&rsct=image/png&skoid=6aaadede-4fb3-4698-a8f6-684d7786b067&sktid=a48cca56-e6da-484e-a814-9c849652bcb3&skt=2024-02-12T18%3A04%3A35Z&ske=2024-02-13T18%3A04%3A35Z&sks=b&skv=2021-08-06&sig=ONjYABlZi2A0t340bbomsxscY35S%2BHqEWJ1lnDW4yAk%3D,Testing2
admin3,admin3@gmail.com,a man smoking a cigar,Central Park, washntion dc,The main character is a male in his 22, of indian descent. He physically fit and exudes a sense of happiness and contentment. His casual yet neat appearance, highlighted by a white linen shirt and a well-groomed mustache, reflects his relaxed yet thoughtful personality.,An older couple on a bench feeding birds, a group of tourists taking photos.,undefined,undefined,https://oaidalleapiprodscus.blob.core.windows.net/private/org-KSmSPwQN5oKOsOoDwivuJoZS/user-aM4GytdsqNFvsTZ2dQmks4Qu/img-2PJ3mJ9VK70QfNs96sdoig4h.png?st=2024-02-12T17%3A50%3A56Z&se=2024-02-12T19%3A50%3A56Z&sp=r&sv=2021-08-06&sr=b&rscd=inline&rsct=image/png&skoid=6aaadede-4fb3-4698-a8f6-684d7786b067&sktid=a48cca56-e6da-484e-a814-9c849652bcb3&skt=2024-02-12T17%3A55%3A58Z&ske=2024-02-13T17%3A55%3A58Z&sks=b&skv=2021-08-06&sig=oaNbUrTBj9cdW8D7Qvmd7iGqa3SOMiYU4tKGINx9muw%3D,Testing3
Rahees,raheesahmed256@gmail.com,The location is a outside the city limits. It is a popular spot for hikers and nature lovers, known for its breathtaking views and tranquil atmosphere,Central Park New York City,The main character is a male in his mid-30s, of European descent. He physically fit and exudes a sense of happiness and contentment. His casual yet neat appearance, highlighted by a white linen shirt and a well-groomed mustache, reflects his relaxed yet thoughtful personality.,An older couple on a bench feeding birds, a group of tourists taking photos.,undefined,undefined,https://oaidalleapiprodscus.blob.core.windows.net/private/org-KSmSPwQN5oKOsOoDwivuJoZS/user-aM4GytdsqNFvsTZ2dQmks4Qu/img-nSpa4VwCyWCzSSSJ7oRCiYFf.png?st=2024-02-12T18%3A05%3A03Z&se=2024-02-12T20%3A05%3A03Z&sp=r&sv=2021-08-06&sr=b&rscd=inline&rsct=image/png&skoid=6aaadede-4fb3-4698-a8f6-684d7786b067&sktid=a48cca56-e6da-484e-a814-9c849652bcb3&skt=2024-02-12T19%3A03%3A58Z&ske=2024-02-13T19%3A03%3A58Z&sks=b&skv=2021-08-06&sig=RJrwdgjBeIkq0H3r7dP8Hl/4T3KlxpbX2pnVbyRmIYY%3D,Testing
Rahees,raheesahmed256@gmail.com,The location is a outside the city limits. It is a popular spot for hikers and nature lovers, known for its breathtaking views and tranquil atmosphere,Central Park New York City,The main character is a male in his mid-30s, of European descent. He physically fit and exudes a sense of happiness and contentment. His casual yet neat appearance, highlighted by a white linen shirt and a well-groomed mustache, reflects his relaxed yet thoughtful personality.,An older couple on a bench feeding birds, a group of tourists taking photos.,undefined,undefined,https://oaidalleapiprodscus.blob.core.windows.net/private/org-KSmSPwQN5oKOsOoDwivuJoZS/user-aM4GytdsqNFvsTZ2dQmks4Qu/img-AOxTee1jsr2DJ8RcsiXl0jHB.png?st=2024-02-12T18%3A19%3A16Z&se=2024-02-12T20%3A19%3A16Z&sp=r&sv=2021-08-06&sr=b&rscd=inline&rsct=image/png&skoid=6aaadede-4fb3-4698-a8f6-684d7786b067&sktid=a48cca56-e6da-484e-a814-9c849652bcb3&skt=2024-02-12T14%3A50%3A01Z&ske=2024-02-13T14%3A50%3A01Z&sks=b&skv=2021-08-06&sig=LKfvpmhfrgRomZwN8C5hGXbKMzVh9D5NDGC5%2BCet5xI%3D,Testing
Admin,admin@example.com,The location is a outside the city limits. It is a popular spot for hikers and nature lovers, known for its breathtaking views and tranquil atmosphere,Central Park New York City,The main character is a male in his mid-30s, of European descent. He physically fit and exudes a sense of happiness and contentment. His casual yet neat appearance, highlighted by a white linen shirt and a well-groomed mustache, reflects his relaxed yet thoughtful personality.,An older couple on a bench feeding birds, a group of tourists taking photos.,undefined,on,https://oaidalleapiprodscus.blob.core.windows.net/private/org-KSmSPwQN5oKOsOoDwivuJoZS/user-aM4GytdsqNFvsTZ2dQmks4Qu/img-pATM5ssLdRzVmWUUAnQOIyXQ.png?st=2024-02-12T19%3A25%3A28Z&se=2024-02-12T21%3A25%3A28Z&sp=r&sv=2021-08-06&sr=b&rscd=inline&rsct=image/png&skoid=6aaadede-4fb3-4698-a8f6-684d7786b067&sktid=a48cca56-e6da-484e-a814-9c849652bcb3&skt=2024-02-12T17%3A09%3A10Z&ske=2024-02-13T17%3A09%3A10Z&sks=b&skv=2021-08-06&sig=1iTBeW%2BF7bnOdOjAAQswAhAiBEdH9KRqQfG%2BiaD8G3M%3D,Testing
Admin,admin@example.com,The location is a outside the city limits. It is a popular spot for hikers and nature lovers, known for its breathtaking views and tranquil atmosphere,Central Park New York City,The main character is a male in his mid-30s, of European descent. He physically fit and exudes a sense of happiness and contentment. His casual yet neat appearance, highlighted by a white linen shirt and a well-groomed mustache, reflects his relaxed yet thoughtful personality.,An older couple on a bench feeding birds, a group of tourists taking photos.,undefined,on,https://oaidalleapiprodscus.blob.core.windows.net/private/org-KSmSPwQN5oKOsOoDwivuJoZS/user-aM4GytdsqNFvsTZ2dQmks4Qu/img-UVJsY4njzVIdblZMsnSCfulZ.png?st=2024-02-12T19%3A29%3A26Z&se=2024-02-12T21%3A29%3A26Z&sp=r&sv=2021-08-06&sr=b&rscd=inline&rsct=image/png&skoid=6aaadede-4fb3-4698-a8f6-684d7786b067&sktid=a48cca56-e6da-484e-a814-9c849652bcb3&skt=2024-02-12T13%3A26%3A05Z&ske=2024-02-13T13%3A26%3A05Z&sks=b&skv=2021-08-06&sig=5lUfW576fKwegreDKGu9uxWtPYAk74AQwSOuX6Rnt4Q%3D,Testing
